ID	이름	한자	갈래	등급	병기	지형	오행	제1초식	제2초식(소성)	오의(대성)	독파 보너스	장착 고유 능력치	성향	초식 그림	시 제목	시문	설명
sw1a	한상검법	寒霜劍法	무공	삼류	검			응한(凝寒) — 차가운 기운이 맺히다	암야파(暗夜破) — 어두운 밤을 깨뜨린다	일인열장공(一刃裂長空) — 칼 한 자루로 허공을 가르다	근력 +1, 공격력 +3		정	cut_1 · cut_2 · ougi	상흔(霜痕)	서릿발 차가운 쇠날 하나에 / 천하의 어둠이 두 쪽 난다.	차가운 기운이 맺히다. 어두운 밤을 깨뜨린다. 칼 한 자루로 허공을 가르다.
sw1b	추상검법	秋霜劍法	무공	삼류	검			발광(拔光) — 검을 뽑아 빛을 내다	산천단(山川斷) — 산천의 숨결을 끊는다	추상직관흉(秋霜直貫胸) — 서릿발 칼날이 흉부를 꿰뚫다	근력 +1, 공격력 +3	속도 +1	정	cut_1 · cut_2 · ougi	추상(秋霜)	칼집을 벗어나는 한 줄기 빛 / 산천의 숨결마저 베어 문다.	검을 뽑아 빛을 내다. 산천의 숨결을 끊는다. 서릿발 칼날이 흉부를 꿰뚫다.
sw1c	유묵검법	儒墨劍法	무공	삼류	검			묵기(墨氣) — 먹물의 서늘한 기운	철의명(鐵衣鳴) — 쇠날이 울부짖는다	호기점전적(浩氣點前敵) — 웅혼한 기운으로 앞의 적을 치다	근력 +1, 공격력 +3	회피율 +2	정	cut_1 · cut_2 · ougi	지(志)	선비의 붓끝에 맺힌 기개 / 날선 쇳소리로 울려 퍼지네.	먹물의 서늘한 기운. 쇠날이 울부짖는다. 웅혼한 기운으로 앞의 적을 치다.
sw1d	월한검	月寒劍	무공	삼류	검			발초(拔鞘) — 칼집에서 검을 뽑다	월영참(月影斬) — 달그림자를 베다	검출월한(劍出月寒) — 검이 뽑히니 달빛마저 차갑다	근력 +1, 공격력 +3	치명타율 +2	정		냉월(冷月)	칼집을 떠난 쇠 한 줄기에 달마저 숨을 죽인다.	칼집에서 검을 뽑다. 달그림자를 베다. 검이 뽑히니 달빛마저 차갑다.
sw1e	단운검	斷雲劍	무공	삼류	검			탐운(探雲) — 구름을 더듬다	분운세(分雲勢) — 구름을 가르는 기세	일검단운(一劍斷雲) — 한 자루 검이 구름을 가른다	근력 +1, 공격력 +3	공격력 +2	정		운열(雲裂)	한 번 그은 자리로 구름이 갈라지고 하늘이 드러난다.	구름을 더듬다. 구름을 가르는 기세. 한 자루 검이 구름을 가른다.
sw1f	용음검	龍吟劍	무공	삼류	검			잠룡(潛龍) — 용이 몸을 숨기다	출갑명(出匣鳴) — 칼집을 나서며 울다	갑중용음(匣中龍吟) — 칼집 속에서 용이 운다	근력 +1, 공격력 +3	속도 +1	정		잠명(潛鳴)	뽑히지 않은 검이 먼저 울어, 적의 무릎이 먼저 꺾인다.	용이 몸을 숨기다. 칼집을 나서며 울다. 칼집 속에서 용이 운다.
sw2a	청홍협객검	靑釭俠客劍	무공	이류	검			월하발(月下拔) — 달빛 아래 검을 뽑다	한풍식야(寒風息野) — 찬바람이 들판에서 멎고	청홍위원참(靑釭爲怨斬) — 청홍검으로 원한을 베어 넘기다	근력 +1, 공격력 +4		정		협객(俠客)	달빛 아래 백 척 청홍검 뽑아 드니 / 바람도 길을 잃고 숨을 죽이는데 / 억울한 넋을 위해 서릿발을 긋는다.	달빛 아래 검을 뽑다. 찬바람이 들판에서 멎고 청홍검으로 원한을 베어 넘기다. (초식 피해 배율 165% · 초식이 연달아 적중하면 치명타율이 5%씩 오른다)
sw2b	단심백련검	丹心百鍊劍	무공	이류	검			홍로련(紅爐煉) — 붉은 화로에서 단련되다	상봉파야(霜鋒破夜) — 서슬 퍼런 칼날로 밤을 가르니	고직불가절(孤直不可折) — 곧은 기개는 꺾이지 않는다	근력 +1, 공격력 +4	치명타율 +3	정		단심(丹心)	용광로 붉은 불길 백 번을 견뎌내어 / 어둠을 가르는 푸른 날로 벼려지니 / 오직 곧은 마음 하나 굽히지 않으리.	붉은 화로에서 단련되다. 서슬 퍼런 칼날로 밤을 가르니 곧은 기개는 꺾이지 않는다. (초식 피해 배율 165% · 초식이 연달아 적중하면 치명타율이 5%씩 오른다)
sw2c	뇌정벽력검	雷霆霹靂劍	무공	이류	검			뇌정후(雷霆吼) — 벼락처럼 울부짖다	출초단란(出鞘斷亂) — 칼집을 박차 난세를 베고	벽력진참사(霹靂盡斬邪) — 벼락같은 검세로 삿됨을 멸하다	근력 +1, 공격력 +4	속도 +2	정		결단(決斷)	어지러운 난세를 벨 날카로운 서슬 / 칼집 속에서 천둥처럼 울부짖더니 / 마침내 천하의 사악함을 처단하네.	벼락처럼 울부짖다. 칼집을 박차 난세를 베고 벼락같은 검세로 삿됨을 멸하다. (초식 피해 배율 165% · 초식이 연달아 적중하면 치명타율이 5%씩 오른다)
sw2d	구천한광검	九天寒光劍	무공	이류	검			취광(聚光) — 빛을 모으다	조천세(照天勢) — 하늘을 비추는 기세	한광조구천(寒光照九天) — 차가운 검광이 구천을 비춘다	근력 +1, 공격력 +4	공격력 +4	정		천광(天光)	검 끝의 찬 빛이 아홉 겹 하늘 끝까지 닿는다.	빛을 모으다. 하늘을 비추는 기세. 차가운 검광이 구천을 비춘다. (초식 피해 배율 165% · 초식이 연달아 적중하면 치명타율이 5%씩 오른다)
sw2e	지수검법	止水劍法	무공	이류	검			정파(靜波) — 물결을 잠재우다	경면참(鏡面斬) — 거울 같은 수면을 베다	검심여지수(劍心如止水) — 검의 마음은 고요한 물과 같다	근력 +1, 공격력 +4	회피율 +3	정		정수(靜水)	물결 하나 일지 않는 마음에서 가장 빠른 검이 나온다.	물결을 잠재우다. 거울 같은 수면을 베다. 검의 마음은 고요한 물과 같다. (초식 피해 배율 165% · 초식이 연달아 적중하면 치명타율이 5%씩 오른다)
sw3a	십년보검식	十年寶劍式	무공	일류	검			마일검(磨一劍) — 칼날 하나를 갈고 닦아	갑장상설(匣藏霜雪) — 칼집에 서릿발을 품었도다	지두직취수(指斗直取首) — 북두를 겨누어 적장의 목을 베다	근력 +2, 공격력 +6	치명타율 +4.5	정		보검영(寶劍詠)	숫돌에 갈고 닦은 세월 십 년이라 / 칼집에 묻혀 있어도 서늘한 기운 뿜네. / 오늘 밤 황제 계신 북두를 겨누며 / 어지러운 간신배의 목을 단숨에 벤다.	칼날 하나를 갈고 닦아. 칼집에 서릿발을 품었도다. 북두를 겨누어 적장의 목을 베다. (초식 피해 배율 185% · 초식이 연달아 적중하면 치명타율이 5%씩 오른다)
sw3b	묵룡건곤검	墨龍乾坤劍	무공	일류	검			회리인(懷利刃) — 품속에 예리한 비수를 품고	필파묵룡(筆破墨龍) — 붓끝에서 먹룡이 솟구치니	등하정만방(燈下定萬邦) — 등불 아래 천하를 바로잡는다	근력 +2, 공격력 +6	속도 +3	정		묵검(墨劍)	먹물 묻힌 붓과 쇠로 벼린 칼날 / 하나는 글을 짓고 하나는 악을 베네. / 서생의 등불 아래 푸른 칼빛 비치니 / 천하를 바로잡을 뜻이 여기에 있도다.	품속에 예리한 비수를 품고. 붓끝에서 먹룡이 솟구치니 등불 아래 천하를 바로잡는다. (초식 피해 배율 185% · 초식이 연달아 적중하면 치명타율이 5%씩 오른다)
sw3c	사해진풍검	四海秦風劍	무공	일류	검			추풍기(秋風起) — 서늘한 갈바람이 일고	수저장봉(袖底藏鋒) — 소맷자락 속에 비수를 감추니	일인겸사해(一刃兼四海) — 칼 한 자루로 사해를 평정하다	근력 +2, 공격력 +6	공격력 +7.5	정		진풍(秦風)	함양궁 드넓은 뜰에 찬바람 이는데 / 비수를 감춘 소매 바람을 가르네. / 칼 한 자루로 사해를 하나로 묶으니 / 만백성의 태평성대가 이 칼끝에 섰다.	서늘한 갈바람이 일고. 소맷자락 속에 비수를 감추니 칼 한 자루로 사해를 평정하다. (초식 피해 배율 185% · 초식이 연달아 적중하면 치명타율이 5%씩 오른다)
sw3d	만리광한검법	萬里光寒劍法	무공	일류	검			성한(星寒) — 별빛이 얼어붙다	횡천류(橫天流) — 하늘을 가로질러 흐르다	일검광한만리(一劍光寒萬里) — 한 자루 검빛이 만 리를 서늘케 한다	근력 +2, 공격력 +6	치명타율 +4.5, 속도 +2	정		만리(萬里)	한 자루 검이 빛나니, 만 리 강산이 일제히 서늘하다.	별빛이 얼어붙다. 하늘을 가로질러 흐르다. 한 자루 검빛이 만 리를 서늘케 한다. (초식 피해 배율 185% · 초식이 연달아 적중하면 치명타율이 5%씩 오른다)
sw4a	용천구주검	龍泉九州劍	무공	절정	검			백련철(百鍊鐵) — 백 번 두드려 벼려낸 쇳덩이	유담와천재(幽潭臥千載) — 깊은 못 속에 천 년을 숨었더니	승운렴주혈(乘雲歛州血) — 구름을 타고 천하의 피를 거두다	근력 +2, 공격력 +8	치명타율 +6	정		명검탄(鳴劍嘆)	용천(龍泉)의 맑은 쇠를 백 번 두드려 벼려내니 / 차가운 못 속에 천 년을 숨어 울부짖었네. / 한 번 휘두르니 북풍의 구름조차 흩어지고 / 난세의 피바람을 오직 이 검으로 거두리라.	백 번 두드려 벼려낸 쇳덩이. 깊은 못 속에 천 년을 숨었더니 구름을 타고 천하의 피를 거두다. (초식 피해 배율 205% · 초식이 연달아 적중하면 치명타율이 5%씩 오른다)
sw4b	투필정천검	投筆正天劍	무공	절정	검			투필명(投筆鳴) — 붓을 던지니 검이 운다	상봉정건곤(霜鋒正乾坤) — 서슬 퍼런 칼로 천지를 바로세우고	발검주천애(拔劍走天涯) — 검을 뽑아 천하 끝으로 치닫는다	근력 +2, 공격력 +8	속도 +4	정		유생음(儒生吟)	경서를 읽던 서생이 벽 위의 검을 보노라. / 글월로는 백성의 주린 배를 채우지 못하고 / 사악한 무리는 오직 서슬 퍼런 쇠로 다스릴 뿐. / 이제 붓을 꺾고 검을 뽑아 천하로 나아가리.	붓을 던지니 검이 운다. 서슬 퍼런 칼로 천지를 바로세우고 검을 뽑아 천하 끝으로 치닫는다. (초식 피해 배율 205% · 초식이 연달아 적중하면 치명타율이 5%씩 오른다)
sw4c	육국치평검	六國治平劍	무공	절정	검			봉연식(烽煙熄) — 전란의 봉화가 꺼지다	의검립한상(倚劍立寒霜) — 찬 서리 위에 검을 기대어 서서	일휘역려진(一揮逆旅盡) — 한 번 휘둘러 역적 떼를 쓸어내다	근력 +2, 공격력 +8	공격력 +10	정		평천하(平天下)	육국(六國)의 봉화 잿더미로 가라앉은 밤 / 서리 내린 갑옷 위에 청강검을 기대어 선다. / 한칼에 만 리 땅의 도적 떼를 쓸어내고 / 칼날의 피를 닦아 칼집에 거두고 비로소 평화를 논하노라.	전란의 봉화가 꺼지다. 찬 서리 위에 검을 기대어 서서 한 번 휘둘러 역적 떼를 쓸어내다. (초식 피해 배율 205% · 초식이 연달아 적중하면 치명타율이 5%씩 오른다)
sw5a	대진만세태평검	大秦萬世太平劍	무공	초절정	검			한철융(寒鐵融) — 차가운 쇠가 화로에 녹다	고월진대풍(孤月振大風) — 외로운 달빛 아래 거센 바람을 부르고	숙청변진만세공(肅淸邊塵萬世功) — 변방의 티끌을 쓸어 만세의 공을 세우다	근력 +3, 공격력 +12	치명타율 +9	정		태평검가(太平劍歌)	천 년 묵은 쇳덩이를 화로 속에 녹여내어 / 장인의 쇠망치 아래 천둥 치듯 벼려냈네. / 어지러운 변방의 적들을 한숨에 베어 넘기고 / 대진의 만세 강산을 이 한 자루 검으로 지키리라.	차가운 쇠가 화로에 녹다. 외로운 달빛 아래 거센 바람을 부르고 변방의 티끌을 쓸어 만세의 공을 세우다. (초식 피해 배율 225% · 초식이 연달아 적중하면 치명타율이 5%씩 오른다)
sw5b	풍운벽력검호행	風雲霹靂劍浩行	무공	초절정	검			용출합(龍出匣) — 용이 칼집을 박차고 나오다	허공벽력한(虛空霹靂寒) — 허공을 가르는 차가운 벼락의 춤사위	진숙간신립왕법(震肅奸臣立王法) — 간신을 쳐단하여 제왕의 법도를 세우다	근력 +3, 공격력 +12	속도 +6	정		검호행(劍浩行)	어릴 적엔 문장을 익혀 도의를 품었고 / 자라나선 장검을 차고 강호를 굽어보았네. / 간신배의 간담을 서늘케 하여 법을 세우고 / 천하 만백성의 눈물을 닦아주는 칼이 되리라.	용이 칼집을 박차고 나오다. 허공을 가르는 차가운 벼락의 춤사위 간신을 쳐단하여 제왕의 법도를 세우다. (초식 피해 배율 225% · 초식이 연달아 적중하면 치명타율이 5%씩 오른다)
sw5c	제왕백설정세검	帝王白雪定世劍	무공	초절정	검			횡검혼(橫劍魂) — 칼날의 서늘한 혼이 가로놓이다	묵심한봉기(墨深寒鋒起) — 깊은 먹빛 속에서 칼날이 솟구치니	백설가처제왕횡(白雪歌處帝王橫) — 백설가를 부르는 곳에 제왕의 검이 서다	근력 +3, 공격력 +12	공격력 +15	정		시검지심(試劍之心)	시제(詩題)로 칼을 받아 백지 위에 펼쳐 드니 / 먹빛 속에 번뜩이는 것은 쇠날의 혼이로다. / 오늘 과거의 뜰에서 붓을 들어 읊은 이 시가 / 내일은 천하를 바르게 벨 제왕의 보검이 되리라.	칼날의 서늘한 혼이 가로놓이다. 깊은 먹빛 속에서 칼날이 솟구치니 백설가를 부르는 곳에 제왕의 검이 서다. (초식 피해 배율 225% · 초식이 연달아 적중하면 치명타율이 5%씩 오른다)
bd1a	단풍도법	斷風刀法	무공	삼류	도			파풍(破風) — 바람을 가르다	단목석(斷木石) — 나무와 돌을 쪼갠다	중도벽렬공(重刀劈裂空) — 무거운 칼날로 허공을 쪼개다	근력 +1, 공격력 +3		정				바람을 가르다. 나무와 돌을 쪼갠다. 무거운 칼날로 허공을 쪼개다.
bd1b	호골도법	虎骨刀法	무공	삼류	도			호후(虎吼) — 범의 포효	쇄백골(碎白骨) — 뼈마디를 부수니	일참만사진(一斬萬邪盡) — 단칼에 온갖 삿됨을 멸하다	근력 +1, 공격력 +3	공격력 +3	정				범의 포효. 뼈마디를 부수니 단칼에 온갖 삿됨을 멸하다.
bd1c	비린도법	飛鱗刀法	무공	삼류	도			노인(露刃) — 칼날을 드러내다	참탁류(斬濁流) — 탁한 흐름을 베고	도광락여우(刀光落如雨) — 칼빛이 비처럼 쏟아지다	근력 +1, 공격력 +3	치명타율 +3	정				칼날을 드러내다. 탁한 흐름을 베고 칼빛이 비처럼 쏟아지다.
bd1d	단강도	斷江刀	무공	삼류	도			벽랑(劈浪) — 물결을 쪼개다	절류세(截流勢) — 흐름을 끊는 기세	일도단강(一刀斷江) — 한 칼에 강물을 끊는다	근력 +1, 공격력 +3	공격력 +2	정		단류(斷流)	내려친 칼 아래 강물이 잠시 흐르기를 잊는다.	물결을 쪼개다. 흐름을 끊는 기세. 한 칼에 강물을 끊는다.
bd1e	지풍도	止風刀	무공	삼류	도			기풍(起風) — 바람을 일으키다	낙인참(落刃斬) — 칼날을 떨어뜨려 베다	도락풍지(刀落風止) — 칼이 떨어지니 바람이 멎는다	근력 +1, 공격력 +3	속도 +1	정		풍식(風息)	칼이 떨어진 자리, 바람조차 감히 지나지 못한다.	바람을 일으키다. 칼날을 떨어뜨려 베다. 칼이 떨어지니 바람이 멎는다.
bd1f	무회도	無回刀	무공	삼류	도			결의(決意) — 뜻을 정하다	직진참(直進斬) — 곧장 나아가 베다	도출무회(刀出無回) — 뽑힌 칼은 돌아오지 않는다	근력 +1, 공격력 +3	치명타율 +2	정		불귀(不歸)	한 번 뽑은 칼은 돌아갈 길을 스스로 지운다.	뜻을 정하다. 곧장 나아가 베다. 뽑힌 칼은 돌아오지 않는다.
bd2a	적호파산도	赤虎破山刀	무공	이류	도			적호출(赤虎出) — 붉은 범이 솟구치다	횡소사야(橫掃四野) — 사방 들판을 쓸어버리고	벽산단만인(劈山斷萬仞) — 묏부리를 베어 만 길을 끊다	근력 +2, 공격력 +3		정				붉은 범이 솟구치다. 사방 들판을 쓸어버리고 묏부리를 베어 만 길을 끊다. (초식 피해 배율 180% · 초식이 적중할 때마다 적의 기세(공격력)를 깎는다)
bd2b	청강참월도	靑鋼斬月刀	무공	이류	도			참한월(斬寒月) — 차가운 달을 베다	상인파랑(霜刃破浪) — 칼날이 거센 물결을 찢으니	패도불용정(霸道不容情) — 패왕의 칼길엔 사정이 없다	근력 +2, 공격력 +3	치명타율 +3	정				차가운 달을 베다. 칼날이 거센 물결을 찢으니 패왕의 칼길엔 사정이 없다. (초식 피해 배율 180% · 초식이 적중할 때마다 적의 기세(공격력)를 깎는다)
bd2c	뇌화벽력도	雷火霹靂刀	무공	이류	도			연열화(燃烈火) — 맹렬한 불꽃을 사르다	도명약뢰(刀鳴若雷) — 쇳소리가 우레와 같으니	진락천중산(震落千重山) — 겹겹의 산맥을 흔들어 꺾다	근력 +2, 공격력 +3	속도 +2	정				맹렬한 불꽃을 사르다. 쇳소리가 우레와 같으니 겹겹의 산맥을 흔들어 꺾다. (초식 피해 배율 180% · 초식이 적중할 때마다 적의 기세(공격력)를 깎는다)
bd2d	열풍광도	裂風狂刀	무공	이류	도			광란(狂瀾) — 미친 물결처럼 몰아치다	난무참(亂舞斬) — 어지러이 춤추며 베다	광도열장풍(狂刀裂長風) — 미친 칼이 긴 바람을 찢는다	근력 +2, 공격력 +3	속도 +2	정		광가(狂歌)	미친 칼 한 자루가 긴 바람을 찢으며 노래한다.	미친 물결처럼 몰아치다. 어지러이 춤추며 베다. 미친 칼이 긴 바람을 찢는다.
bd2e	천산중도법	千山重刀法	무공	이류	도			부악(負岳) — 산을 짊어지다	태산압(泰山壓) — 태산처럼 짓누르다	도배재천산(刀背載千山) — 칼등에 천 개의 산을 싣는다	근력 +2, 공격력 +3	방어력 +3	정		중악(重岳)	칼등에 얹힌 천 겹 산의 무게가 한 번에 내려앉는다.	산을 짊어지다. 태산처럼 짓누르다. 칼등에 천 개의 산을 싣는다.
bd3a	패왕진천도	覇王震天刀	무공	일류	도			악천균(握千鈞) — 천 근의 무게를 거머쥐고	사장혈무(沙場血霧) — 싸움터에 핏빛 안개 이니	역려진복주(逆旅盡伏誅) — 거역하는 무리가 엎드려 죽다	근력 +3, 공격력 +4.5	치명타율 +4.5	정				천 근의 무게를 거머쥐고. 싸움터에 핏빛 안개 이니 거역하는 무리가 엎드려 죽다. (초식 피해 배율 200% · 초식이 적중할 때마다 적의 기세(공격력)를 깎는다)
bd3b	묵룡단강도	墨龍斷江刀	무공	일류	도			용번신(龍翻身) — 먹룡이 몸을 뒤틀다	노벽장강(怒劈長江) — 성난 기세로 큰 강을 가르니	단류정건곤(斷流定乾坤) — 물길을 끊고 천하를 세우다	근력 +3, 공격력 +4.5	속도 +3	정				먹룡이 몸을 뒤틀다. 성난 기세로 큰 강을 가르니 물길을 끊고 천하를 세우다. (초식 피해 배율 200% · 초식이 적중할 때마다 적의 기세(공격력)를 깎는다)
bd3c	천풍벽살도	天風劈煞刀	무공	일류	도			권광풍(捲狂風) — 미친바람을 말아 올리다	도살파군(刀煞破軍) — 도기로 적의 군세를 깨뜨리니	일휘소진환(一揮掃塵寰) — 한칼에 어지러운 세상을 쓸다	근력 +3, 공격력 +4.5	공격력 +7.5	정				미친바람을 말아 올리다. 도기로 적의 군세를 깨뜨리니 한칼에 어지러운 세상을 쓸다. (초식 피해 배율 200% · 초식이 적중할 때마다 적의 기세(공격력)를 깎는다)
bd3d	사양독립도법	斜陽獨立刀法	무공	일류	도			횡도(橫刀) — 칼을 비껴 들다	잔조혈(殘照血) — 저무는 빛이 피로 물들다	횡도독립사양(橫刀獨立斜陽) — 칼을 비껴 들고 석양 아래 홀로 선다	근력 +3, 공격력 +4.5	치명타율 +4.5, 공격력 +3	정		낙조(落照)	만 명이 쓰러진 들판, 석양 아래 칼 한 자루만 서 있다.	칼을 비껴 들다. 저무는 빛이 피로 물들다. 칼을 비껴 들고 석양 아래 홀로 선다.
bd4a	청린풍운도	靑鱗風雲刀	무공	절정	도			청린약(靑鱗躍) — 푸른 용의 비늘이 뛰놀다	용주뢰정세(熔鑄雷霆勢) — 벼락의 기세를 녹여 부으니	참기락천인(斬旗落千仞) — 적기를 베어 천 길 아래 떨구다	근력 +4, 공격력 +6	치명타율 +6	정				푸른 용의 비늘이 뛰놀다. 벼락의 기세를 녹여 부으니 적기를 베어 천 길 아래 떨구다. (초식 피해 배율 220% · 초식이 적중할 때마다 적의 기세(공격력)를 깎는다)
bd4b	파황개벽도	破荒開闢刀	무공	절정	도			개대황(開大荒) — 거친 황무지를 열어젖히다	거인열궁창(巨刃裂穹蒼) — 거대한 칼날로 푸른 하늘을 가르니	진악정왕도(震岳定王道) — 큰 산을 울려 왕도를 굳히다	근력 +4, 공격력 +6	속도 +4	정				거친 황무지를 열어젖히다. 거대한 칼날로 푸른 하늘을 가르니 큰 산을 울려 왕도를 굳히다. (초식 피해 배율 220% · 초식이 적중할 때마다 적의 기세(공격력)를 깎는다)
bd4c	만겁참룡도	萬劫斬龍刀	무공	절정	도			역만겁(歷萬劫) — 만 번의 겁난을 겪고	유명기한망(幽冥起寒芒) — 구천 깊은 곳에서 찬 서슬이 일어	단교세세구(斷蛟洗世仇) — 교룡을 베어 세상 원한을 씻다	근력 +4, 공격력 +6	공격력 +10	정				만 번의 겁난을 겪고. 구천 깊은 곳에서 찬 서슬이 일어 교룡을 베어 세상 원한을 씻다. (초식 피해 배율 220% · 초식이 적중할 때마다 적의 기세(공격력)를 깎는다)
bd5a	대진제왕패천도	大秦帝王覇天刀	무공	초절정	도			황도기(皇刀起) — 제왕의 황금도가 일어나다	풍운권사해(風雲捲四海) — 바람과 구름이 온 세상을 휩쓸고	벽산획계만성안(劈山劃界萬姓安) — 산을 갈라 경계를 지어 백성을 평안케 하다	근력 +6, 공격력 +9	치명타율 +9	정				제왕의 황금도가 일어나다. 바람과 구름이 온 세상을 휩쓸고 산을 갈라 경계를 지어 백성을 평안케 하다. (초식 피해 배율 240% · 초식이 적중할 때마다 적의 기세(공격력)를 깎는다)
bd5b	구천마광신도록	九天磨光神刀錄	무공	초절정	도			마구천(磨九天) — 아득한 구천을 갈고 닦다	벽력렬태공(霹靂裂太空) — 벼락이 쏟아져 빈 허공을 찢으니	횡소군마일월명(橫掃群魔日月明) — 군마를 쓸어내니 해와 달이 밝도다	근력 +6, 공격력 +9	속도 +6	정				아득한 구천을 갈고 닦다. 벼락이 쏟아져 빈 허공을 찢으니 군마를 쓸어내니 해와 달이 밝도다. (초식 피해 배율 240% · 초식이 적중할 때마다 적의 기세(공격력)를 깎는다)
bd5c	천벌무극참황식	天罰無極斬皇式	무공	초절정	도			대천벌(代天罰) — 하늘을 대신하여 벌을 내리다	살기색음양(煞氣塞陰陽) — 칼의 살기가 음양의 길을 막으니	일도개천정만방(一刀開天定萬邦) — 한칼로 하늘을 열어 온 세상을 평정하다	근력 +6, 공격력 +9	공격력 +15	정				하늘을 대신하여 벌을 내리다. 칼의 살기가 음양의 길을 막으니 한칼로 하늘을 열어 온 세상을 평정하다. (초식 피해 배율 240% · 초식이 적중할 때마다 적의 기세(공격력)를 깎는다)
sp1a	삭풍창법	朔風槍法	무공	삼류	창			직자(直刺) — 곧게 찌르다	파장공(破長空) — 긴 허공을 뚫으니	은사토신출(銀蛇吐信出) — 은빛 뱀이 혓바닥을 뿜어내다	체력 +1, 관통력 +2		정				곧게 찌르다. 긴 허공을 뚫으니 은빛 뱀이 혓바닥을 뿜어내다.
sp1b	철선창법	鐵線槍法	무공	삼류	창			점성(點星) — 별을 찍다	소천군(掃千軍) — 군사를 쳐내고	천목투중갑(穿木透重甲) — 나무를 부수고 갑옷을 꿰뚫다	체력 +1, 관통력 +2	방어력 +2	정				별을 찍다. 군사를 쳐내고 나무를 부수고 갑옷을 꿰뚫다.
sp1c	취우창법	驟雨槍法	무공	삼류	창			도등(挑燈) — 등불을 쳐들다	무백광(舞白光) — 하얀 빛을 휘두르니	점락여취우(點落如驟雨) — 소나기처럼 창끝이 쏟아지다	체력 +1, 관통력 +2	공격력 +3	정				등불을 쳐들다. 하얀 빛을 휘두르니 소나기처럼 창끝이 쏟아지다.
sp1d	관일창	貫日槍	무공	삼류	창			직자(直刺) — 곧게 찌르다	천운격(穿雲擊) — 구름을 뚫고 치다	일창관일(一槍貫日) — 한 창이 해를 꿰뚫는다	체력 +1, 관통력 +2	치명타율 +2	정		천일(穿日)	곧게 뻗은 창끝이 해의 한복판을 겨눈다.	곧게 찌르다. 구름을 뚫고 치다. 한 창이 해를 꿰뚫는다.
sp1e	출룡창	出龍槍	무공	삼류	창			용두(龍頭) — 용이 머리를 들다	용미소(龍尾掃) — 용의 꼬리로 쓸다	창출여룡(槍出如龍) — 창이 나가니 용과 같다	체력 +1, 관통력 +2	공격력 +2	정		용약(龍躍)	창대가 굽이치니 한 마리 용이 물 밖으로 솟는다.	용이 머리를 들다. 용의 꼬리로 쓸다. 창이 나가니 용과 같다.
sp1f	한성창	寒星槍	무공	삼류	창			점성(點星) — 별을 찍다	유성자(流星刺) — 유성처럼 찌르다	한성일점(寒星一點) — 창끝은 차가운 별 한 점이다	체력 +1, 관통력 +2	속도 +1	정		고성(孤星)	마지막에 보이는 것은 찬 별 하나, 그것이 창끝이다.	별을 찍다. 유성처럼 찌르다. 창끝은 차가운 별 한 점이다.
sp2a	은사출동창	銀蛇出洞槍	무공	이류	창			사출동(蛇出洞) — 뱀이 굴을 나서다	전체천운(電掣穿雲) — 번개처럼 구름을 뚫으니	직관적장흉(直貫敵將胸) — 적장의 가슴을 곧장 꿰뚫다	체력 +1, 공격력 +4	관통력 +8	정				뱀이 굴을 나서다. 번개처럼 구름을 뚫으니 적장의 가슴을 곧장 꿰뚫다. (초식 피해 배율 175% · 관통 타격)
sp2b	백련단혼창	百鍊斷魂槍	무공	이류	창			무홍영(舞紅纓) — 붉은 수술을 흔들다	상인투갑(霜刃透甲) — 서릿발 창날이 갑옷을 뚫고	일격단인혼(一擊斷人魂) — 단 한 방에 사람의 넋을 끊다	체력 +1, 공격력 +4	관통력 +8, 치명타율 +3	정				붉은 수술을 흔들다. 서릿발 창날이 갑옷을 뚫고 단 한 방에 사람의 넋을 끊다. (초식 피해 배율 175% · 관통 타격)
sp2c	질풍요원창	疾風燎原槍	무공	이류	창			권질풍(捲疾風) — 거센 바람을 말아 쥐다	창망여화(槍芒如火) — 창끝의 빛이 불길 같으니	횡도파중위(橫挑破重圍) — 쳐들어 겹겹의 포위를 깨부수다	체력 +1, 공격력 +4	관통력 +8, 속도 +2	정				거센 바람을 말아 쥐다. 창끝의 빛이 불길 같으니 쳐들어 겹겹의 포위를 깨부수다. (초식 피해 배율 175% · 관통 타격)
sp2d	도월장창	挑月長槍	무공	이류	창			탐월(探月) — 달을 더듬다	상도세(上挑勢) — 위로 걸어 올리는 기세	장창도낙월(長槍挑落月) — 긴 창으로 지는 달을 걸어 올린다	체력 +1, 공격력 +4	관통력 +8, 치명타율 +3	정		낙월(落月)	긴 창끝에 걸린 달이 서쪽 하늘에서 다시 떠오른다.	달을 더듬다. 위로 걸어 올리는 기세. 긴 창으로 지는 달을 걸어 올린다. (초식 피해 배율 175% · 관통 타격)
sp2e	백병왕창법	百兵王槍法	무공	이류	창			군림(君臨) — 왕으로 내려다보다	제병복(諸兵伏) — 뭇 병기가 엎드리다	백병아위왕(百兵我爲王) — 온갖 병기 가운데 내가 왕이다	체력 +1, 공격력 +4	관통력 +8, 공격력 +4	정		왕림(王臨)	검도 칼도 고개를 숙인다, 창이 병기의 왕으로 섰으므로.	왕으로 내려다보다. 뭇 병기가 엎드리다. 온갖 병기 가운데 내가 왕이다. (초식 피해 배율 175% · 관통 타격)
sp3a	청룡파진창	靑龍破陣槍	무공	일류	창			답철마(踏鐵馬) — 철마를 몰아 달리다	용음사해(龍吟四海) — 용의 울음이 사해에 울리니	독당만인군(獨當萬人軍) — 만 명의 군사를 홀로 막아서다	체력 +2, 공격력 +6	관통력 +8, 치명타율 +4.5	정				철마를 몰아 달리다. 용의 울음이 사해에 울리니 만 명의 군사를 홀로 막아서다. (초식 피해 배율 195% · 관통 타격)
sp3b	뇌정관일창	雷霆貫日槍	무공	일류	창			축뢰정(蓄雷霆) — 우레와 벼락을 모으다	천운사일(穿雲射日) — 구름을 뚫고 해를 쏘아 맞히니	파루쇄견성(破壘碎堅城) — 진루를 깨고 단단한 성을 부수다	체력 +2, 공격력 +6	관통력 +8, 속도 +3	정				우레와 벼락을 모으다. 구름을 뚫고 해를 쏘아 맞히니 진루를 깨고 단단한 성을 부수다. (초식 피해 배율 195% · 관통 타격)
sp3c	풍운진무창	風雲鎭撫槍	무공	일류	창			점한성(點寒星) — 차가운 별을 찍어내다	창영미리(槍影迷離) — 창 그림자가 어지러이 흩날리니	정란무팔황(靖亂撫八荒) — 난리를 멎게 하고 팔방을 어루만지다	체력 +2, 공격력 +6	관통력 +8, 공격력 +7.5	정				차가운 별을 찍어내다. 창 그림자가 어지러이 흩날리니 난리를 멎게 하고 팔방을 어루만지다. (초식 피해 배율 195% · 관통 타격)
sp3d	천군직입창법	千軍直入槍法	무공	일류	창			돌진(突進) — 곧장 뛰어들다	파진격(破陣擊) — 진을 깨뜨리다	단창직입천군(單槍直入千軍) — 창 한 자루로 천군 속에 곧장 뛰어든다	체력 +2, 공격력 +6	관통력 +10, 공격력 +5	정		독행(獨行)	천 명의 군세 한가운데로, 창 한 자루가 길을 낸다.	곧장 뛰어들다. 진을 깨뜨리다. 창 한 자루로 천군 속에 곧장 뛰어든다. (초식 피해 배율 195% · 관통 타격)
sp4a	백리비룡창	百里飛龍槍	무공	절정	창			용출연(龍出淵) — 깊은 못에서 용이 솟구치다	한망동백리(寒芒動百里) — 차가운 창끝이 백 리를 뒤흔드니	파진참웅괴(破陣斬雄魁) — 진형을 부수고 적의 우두머리를 베다	체력 +2, 공격력 +8	관통력 +8, 치명타율 +6	정				깊은 못에서 용이 솟구치다. 차가운 창끝이 백 리를 뒤흔드니 진형을 부수고 적의 우두머리를 베다. (초식 피해 배율 215% · 관통 타격)
sp4b	파극쇄천창	破戟碎天槍	무공	절정	창			쇄철극(碎鐵戟) — 쇠창과 방천극을 부수다	경력투천심(勁力透千尋) — 날카로운 경력이 천 길을 뚫고	파벽립진표(破壁立秦標) — 적벽을 무너뜨려 제국의 깃발을 꽂다	체력 +2, 공격력 +8	관통력 +8, 속도 +4	정				쇠창과 방천극을 부수다. 날카로운 경력이 천 길을 뚫고 적벽을 무너뜨려 제국의 깃발을 꽂다. (초식 피해 배율 215% · 관통 타격)
sp4c	천살멸겁창	天煞滅劫槍	무공	절정	창			동천살(動天煞) — 하늘의 살기를 움직이다	창살화적소(槍煞化赤霄) — 창의 기운이 붉은 노을로 번지니	만갑화성진(萬甲化成塵) — 만 겹의 갑옷이 티끌로 화하다	체력 +2, 공격력 +8	관통력 +8, 공격력 +10	정				하늘의 살기를 움직이다. 창의 기운이 붉은 노을로 번지니 만 겹의 갑옷이 티끌로 화하다. (초식 피해 배율 215% · 관통 타격)
sp5a	대진신룡개천창	大秦神龍開天槍	무공	초절정	창			환신룡(喚神龍) — 신성한 용을 불러내다	제전관장홍(掣電貫長虹) — 번개를 몰아 무지개를 꿰뚫고	영진변강립만공(永鎭邊疆立萬功) — 변방을 영원히 눌러 만세의 공을 세우다	체력 +3, 공격력 +12	관통력 +8, 치명타율 +9	정				신성한 용을 불러내다. 번개를 몰아 무지개를 꿰뚫고 변방을 영원히 눌러 만세의 공을 세우다. (초식 피해 배율 235% · 관통 타격)
sp5b	태허일기단곤창	太虛一氣斷坤槍	무공	초절정	창			응태허(凝太虛) — 아득한 태허의 기운을 모으다	일창획창망(一槍劃蒼茫) — 한 자루 창으로 아득한 허공을 가르니	직파산하정사방(直破山河定四方) — 산하를 꿰뚫어 사방을 평정하다	체력 +3, 공격력 +12	관통력 +8, 속도 +6	정				아득한 태허의 기운을 모으다. 한 자루 창으로 아득한 허공을 가르니 산하를 꿰뚫어 사방을 평정하다. (초식 피해 배율 235% · 관통 타격)
sp5c	만겁제왕일격창	萬劫帝王一擊槍	무공	초절정	창			제왕봉(帝王鋒) — 제왕의 창끝이 서다	고표영일월(孤標映日月) — 외로운 창날에 해와 달이 비치니	일점한망정건곤(一點寒芒正乾坤) — 한 점 찬 서슬로 천지를 바로세우다	체력 +3, 공격력 +12	관통력 +8, 공격력 +15	정				제왕의 창끝이 서다. 외로운 창날에 해와 달이 비치니 한 점 찬 서슬로 천지를 바로세우다. (초식 피해 배율 235% · 관통 타격)
fs1a	철사장	鐵砂掌	무공	삼류	권장			취기(聚氣) — 손끝에 기운을 모으다	박쇄석(拍碎石) — 바위를 쳐서 깨뜨리고	철장쇄흉골(鐵掌碎胸骨) — 쇠손바닥으로 가슴뼈를 부수다	근력 +1, 방어력 +2		정	cut_1 · cut_2 · ougi			손끝에 기운을 모으다. 바위를 쳐서 깨뜨리고 쇠손바닥으로 가슴뼈를 부수다.
fs1b	통비권	通臂拳	무공	삼류	권장			축경(蓄勁) — 힘을 응축하다	진비출(震臂出) — 팔을 떨치며 뻗으니	연환파적신(連環破敵身) — 연타로 적의 몸을 부수다	근력 +1, 방어력 +2	치명타율 +2	정	cut_1 · cut_2			힘을 응축하다. 팔을 떨치며 뻗으니 연타로 적의 몸을 부수다.
fs1c	나한인	羅漢印	무공	삼류	권장			합수(合手) — 두 손을 모으다	추금산(推金山) — 금산을 밀어내듯 치고	경력투중관(勁力透重關) — 묵직한 경력이 빗장을 뚫다	근력 +1, 방어력 +2	공격력 +2	정				두 손을 모으다. 금산을 밀어내듯 치고 묵직한 경력이 빗장을 뚫다.
fs1d	쇄악권	碎岳拳	무공	삼류	권장			격석(擊石) — 바위를 치다	붕산타(崩山打) — 산을 무너뜨려 치다	일권쇄악(一拳碎岳) — 한 주먹이 큰 산을 부순다	근력 +1, 방어력 +2	공격력 +2	정		붕악(崩岳)	주먹 하나 지나간 자리에 큰 산이 돌무더기로 남는다.	바위를 치다. 산을 무너뜨려 치다. 한 주먹이 큰 산을 부순다.
fs1e	풍뢰장	風雷掌	무공	삼류	권장			풍생(風生) — 바람이 일다	뇌동격(雷動擊) — 우레가 울리듯 치다	장기풍뢰(掌起風雷) — 손바닥을 드니 바람과 우레가 인다	근력 +1, 방어력 +2	속도 +1	정		뇌성(雷聲)	손바닥이 열리니 바람이 먼저 달리고 우레가 뒤따른다.	바람이 일다. 우레가 울리듯 치다. 손바닥을 드니 바람과 우레가 인다.
fs1f	장천수	藏天手	무공	삼류	권장			허수(虛手) — 빈손을 내보이다	복천장(覆天掌) — 하늘을 덮는 손바닥	공수장천(空手藏天) — 빈손에 하늘을 감춘다	근력 +1, 방어력 +2	회피율 +2	정		허공(虛空)	아무것도 쥐지 않은 손이 하늘을 통째로 숨기고 있다.	빈손을 내보이다. 하늘을 덮는 손바닥. 빈손에 하늘을 감춘다.
fs2a	뇌화붕천권	雷火崩天拳	무공	이류	권장			악풍운(握風雲) — 바람과 구름을 움켜쥐다	단전화치(丹田火熾) — 단전의 불길이 타오르니	붕권열거석(崩拳裂巨石) — 붕권으로 큰 바위를 쪼개다	근력 +1, 방어력 +3	방어 무시 +10	정				바람과 구름을 움켜쥐다. 단전의 불길이 타오르니 붕권으로 큰 바위를 쪼개다. (초식 피해 배율 150% · 적 방어력 10% 무시)
fs2b	풍운벽산장	風雲劈山掌	무공	이류	권장			납순양(納純陽) — 순양의 기운을 들이마시다	장력여산(掌力如山) — 손바닥의 힘이 산과 같으니	번수복강해(翻手覆江海) — 손을 뒤집어 강과 바다를 엎다	근력 +1, 방어력 +3	방어 무시 +10, 치명타율 +3	정				순양의 기운을 들이마시다. 손바닥의 힘이 산과 같으니 손을 뒤집어 강과 바다를 엎다. (초식 피해 배율 150% · 적 방어력 10% 무시)
fs2c	금강복마타	金剛伏魔打	무공	이류	권장			주철구(鑄鐵軀) — 쇠 같은 육신을 벼려내다	금강노목(金剛怒目) — 금강이 눈을 부릅뜨고	권출항만마(拳出降萬魔) — 주먹을 뻗어 만마를 굴복시키다	근력 +1, 방어력 +3	방어 무시 +10, 속도 +2	정				쇠 같은 육신을 벼려내다. 금강이 눈을 부릅뜨고 주먹을 뻗어 만마를 굴복시키다. (초식 피해 배율 150% · 적 방어력 10% 무시)
fs2d	경신권법	驚神拳法	무공	이류	권장			귀곡(鬼哭) — 귀신이 울다	신호타(神號打) — 신이 울부짖도록 치다	권출귀신경(拳出鬼神驚) — 주먹이 나가니 귀신도 놀란다	근력 +1, 방어력 +3	방어 무시 +10, 치명타율 +3	정		경혼(驚魂)	주먹이 나가는 소리에 저승의 것들이 먼저 길을 비킨다.	귀신이 울다. 신이 울부짖도록 치다. 주먹이 나가니 귀신도 놀란다. (초식 피해 배율 150% · 적 방어력 10% 무시)
fs2e	부운유장	浮雲柔掌	무공	이류	권장			면유(綿柔) — 솜처럼 부드럽다	탁운수(托雲手) — 구름을 받치는 손	유장탁부운(柔掌托浮雲) — 부드러운 손바닥이 뜬구름을 받친다	근력 +1, 방어력 +3	방어 무시 +10, 방어력 +3	정		운수(雲手)	힘을 뺀 손바닥 위에서 천 근의 힘이 구름처럼 흩어진다.	솜처럼 부드럽다. 구름을 받치는 손. 부드러운 손바닥이 뜬구름을 받친다. (초식 피해 배율 150% · 적 방어력 10% 무시)
fs3a	호연건곤장	浩然乾坤掌	무공	일류	권장			포단전(抱丹田) — 단전을 품어 안다	기관백맥(氣貫百脈) — 기운이 온 경맥을 꿰뚫으니	장저진건곤(掌底震乾坤) — 손바닥 아래 천지를 뒤흔들다	근력 +2, 방어력 +4.5	방어 무시 +10, 치명타율 +4.5	정				단전을 품어 안다. 기운이 온 경맥을 꿰뚫으니 손바닥 아래 천지를 뒤흔들다. (초식 피해 배율 170% · 적 방어력 10% 무시)
fs3b	칠성파맥권	七星破脈拳	무공	일류	권장			답칠성(踏七星) — 북두칠성의 보법을 밟다	권망렬공(拳芒裂空) — 주먹의 기세가 허공을 찢으니	단맥쇄적부(斷脈碎敵腑) — 경맥을 끊고 적의 내장을 부수다	근력 +2, 방어력 +4.5	방어 무시 +10, 속도 +3	정				북두칠성의 보법을 밟다. 주먹의 기세가 허공을 찢으니 경맥을 끊고 적의 내장을 부수다. (초식 피해 배율 170% · 적 방어력 10% 무시)
fs3c	자하벽도인	紫霞闢道印	무공	일류	권장			승자기(升紫氣) — 자줏빛 기운을 피워 올리다	장풍여도(掌風如濤) — 장풍이 큰 파도처럼 이니	위공개정도(爲公開正道) — 천하를 위해 바른길을 열다	근력 +2, 방어력 +4.5	방어 무시 +10, 공격력 +7.5	정				자줏빛 기운을 피워 올리다. 장풍이 큰 파도처럼 이니 천하를 위해 바른길을 열다. (초식 피해 배율 170% · 적 방어력 10% 무시)
fs3d	산하일월신권	山河日月神拳	무공	일류	권장			악산(握山) — 산을 쥐다	일월전(日月轉) — 해와 달을 굴리다	권악산하일월(拳握山河日月) — 주먹 안에 산하와 해와 달을 쥔다	근력 +2, 방어력 +4.5	방어 무시 +10, 공격력 +6	정		장악(掌握)	쥐면 산하가 주먹 안에 들고, 펴면 해와 달이 손끝에서 뜬다.	산을 쥐다. 해와 달을 굴리다. 주먹 안에 산하와 해와 달을 쥔다. (초식 피해 배율 170% · 적 방어력 10% 무시)
fs4a	무극포원장	無極抱元掌	무공	절정	권장			포귀원(抱歸元) — 만류를 근원으로 끌어안다	음양합어장(陰陽合於掌) — 음양이 손바닥 안에서 합쳐지니	기발붕천인(氣發崩千仞) — 기운을 터뜨려 천 길 봉우리를 무너뜨리다	근력 +2, 방어력 +6	방어 무시 +10, 치명타율 +6	정				만류를 근원으로 끌어안다. 음양이 손바닥 안에서 합쳐지니 기운을 터뜨려 천 길 봉우리를 무너뜨리다. (초식 피해 배율 190% · 적 방어력 10% 무시)
fs4b	용호교태권	龍虎交泰拳	무공	절정	권장			취용호(聚龍虎) — 용과 범의 기운을 모으다	쌍권동풍뢰(雙拳動風雷) — 두 주먹질에 바람과 우레가 일고	답파만인산(踏破萬仞山) — 만 길 높은 산을 짓밟아 깨뜨리다	근력 +2, 방어력 +6	방어 무시 +10, 속도 +4	정				용과 범의 기운을 모으다. 두 주먹질에 바람과 우레가 일고 만 길 높은 산을 짓밟아 깨뜨리다. (초식 피해 배율 190% · 적 방어력 10% 무시)
fs4c	천강벽력쇄	天罡霹靂碎	무공	절정	권장			인천강(引天罡) — 천강의 북두 기운을 끌어오다	경투구중천(勁透九重天) — 날카로운 경력이 구중천을 뚫으니	권락화성진(拳落化成塵) — 주먹이 꽂히는 곳마다 티끌로 화하다	근력 +2, 방어력 +6	방어 무시 +10, 공격력 +10	정				천강의 북두 기운을 끌어오다. 날카로운 경력이 구중천을 뚫으니 주먹이 꽂히는 곳마다 티끌로 화하다. (초식 피해 배율 190% · 적 방어력 10% 무시)
fs5a	대진제왕진세인	大秦帝王鎭世印	무공	초절정	권장			납사해(納四海) — 온 천하를 품속에 거두다	황기관태허(皇氣貫太虛) — 제왕의 기운이 태허를 꿰뚫고	복수무안만민심(覆手撫安萬民心) — 손을 덮어 온 백성의 마음을 어루만지다	근력 +3, 방어력 +9	방어 무시 +10, 치명타율 +9	정				온 천하를 품속에 거두다. 제왕의 기운이 태허를 꿰뚫고 손을 덮어 온 백성의 마음을 어루만지다. (초식 피해 배율 210% · 적 방어력 10% 무시)
fs5b	건곤무극파황타	乾坤無極破荒打	무공	초절정	권장			쇄태허(碎太虛) — 태허의 공간을 깨뜨리다	쌍장렬창궁(雙掌裂蒼穹) — 두 손바닥으로 푸른 하늘을 가르니	진멸군마정팔황(震滅群魔定八荒) — 군마를 흔들어 멸하고 팔방을 평정하다	근력 +3, 방어력 +9	방어 무시 +10, 속도 +6	정				태허의 공간을 깨뜨리다. 두 손바닥으로 푸른 하늘을 가르니 군마를 흔들어 멸하고 팔방을 평정하다. (초식 피해 배율 210% · 적 방어력 10% 무시)
fs5c	자소신뢰벽천권	紫宵神雷劈天拳	무공	초절정	권장			취신뢰(聚神雷) — 자줏빛 신령한 벼락을 모으다	만상귀일격(萬象歸一擊) — 온 세상 삼라만상을 일격에 담으니	권파장공립황강(拳破長空立皇綱) — 주먹으로 허공을 갈라 황제의 법도를 세우다	근력 +3, 방어력 +9	방어 무시 +10, 공격력 +15	정				자줏빛 신령한 벼락을 모으다. 온 세상 삼라만상을 일격에 담으니 주먹으로 허공을 갈라 황제의 법도를 세우다. (초식 피해 배율 210% · 적 방어력 10% 무시)
hd1a	비표술	飛鏢術	무공	삼류	암기			장수(藏袖) — 소매 속에 감추다	사비조(射飛鳥) — 나는 새를 쏘아 맞히니	비인직천후(飛刃直穿喉) — 날아간 칼날이 목을 꿰뚫다	민첩 +1, 치명타율 +0.5		정				소매 속에 감추다. 나는 새를 쏘아 맞히니 날아간 칼날이 목을 꿰뚫다.
hd1b	철질려	鐵蒺藜	무공	삼류	암기			암척(暗擲) — 어둠 속에서 던지다	단거로(斷去路) — 달아나는 길을 끊고	쇄골봉적보(碎骨封敵步) — 뼈를 부숴 적의 발걸음을 묶다	민첩 +1, 치명타율 +0.5	회피율 +2	정				어둠 속에서 던지다. 달아나는 길을 끊고 뼈를 부숴 적의 발걸음을 묶다.
hd1c	은침결	銀針訣	무공	삼류	암기			염침(捻針) — 은바늘을 손가락에 비비다	파풍향(破風響) — 바람 소리를 찢으니	점혈정적신(點穴定敵身) — 혈도를 찔러 적의 몸을 굳히다	민첩 +1, 치명타율 +0.5	초식 발동률 +4	정				은바늘을 손가락에 비비다. 바람 소리를 찢으니 혈도를 찔러 적의 몸을 굳히다.
hd1d	수성표	袖星鏢	무공	삼류	암기			은수(隱袖) — 소매에 감추다	산성출(散星出) — 별을 흩어 내보내다	수리장성(袖裏藏星) — 소매 속에 별을 감춘다	민첩 +1, 치명타율 +0.5	초식 발동률 +4	정		은성(隱星)	넓은 소매가 한 번 펄럭이면 밤하늘에 없던 별이 뜬다.	소매에 감추다. 별을 흩어 내보내다. 소매 속에 별을 감춘다.
hd1e	무성비도	無聲飛刀	무공	삼류	암기			식음(息音) — 소리를 죽이다	추명척(追命擲) — 목숨을 쫓아 던지다	무성탈명(無聲奪命) — 소리 없이 목숨을 거둔다	민첩 +1, 치명타율 +0.5	치명타율 +2	정		정야(靜夜)	아무 소리도 없었다, 그래서 아무도 피하지 못했다.	소리를 죽이다. 목숨을 쫓아 던지다. 소리 없이 목숨을 거둔다.
hd1f	무영침	無影針	무공	삼류	암기			섬지(閃指) — 손가락이 번뜩이다	천혈침(穿穴針) — 혈을 꿰뚫는 바늘	비침무영(飛針無影) — 날아가는 바늘에는 그림자가 없다	민첩 +1, 치명타율 +0.5	회피율 +2	정		침영(針影)	빛도 그림자도 남기지 않고, 바늘 하나가 다녀간다.	손가락이 번뜩이다. 혈을 꿰뚫는 바늘. 날아가는 바늘에는 그림자가 없다.
hd2a	추영비사표	追影飛砂鏢	무공	이류	암기			은월야(隱月夜) — 달밤의 그늘에 숨다	파공무성(破空無聲) — 소리 없이 허공을 뚫으니	추영직관흉(追影直貫胸) — 그림자를 쫓아 심장을 꿰뚫다	민첩 +1, 치명타율 +1		정				달밤의 그늘에 숨다. 소리 없이 허공을 뚫으니 그림자를 쫓아 심장을 꿰뚫다. (초식 피해 배율 155% · 초식이 적중하면 2합 동안 출혈)
hd2b	청사독련인	靑蛇毒鍊刃	무공	이류	암기			췌한독(淬寒毒) — 서늘한 독을 담금질하다	녹망천림(綠芒穿林) — 푸른 독기가 숲을 가르고	단혼불류흔(斷魂不留痕) — 흔적도 남기지 않고 넋을 끊다	민첩 +1, 치명타율 +1	치명타율 +3	정				서늘한 독을 담금질하다. 푸른 독기가 숲을 가르고 흔적도 남기지 않고 넋을 끊다. (초식 피해 배율 155% · 초식이 적중하면 2합 동안 출혈)
hd2c	천라철망살	天羅鐵網殺	무공	이류	암기			살철망(撒鐵網) — 쇠그물을 흩뿌리다	만선봉공(萬線封空) — 만 갈래 쇳줄이 하늘을 막으니	박호참흉괴(縛虎斬凶魁) — 범을 옭아매어 흉적을 베다	민첩 +1, 치명타율 +1	속도 +2	정				쇠그물을 흩뿌리다. 만 갈래 쇳줄이 하늘을 막으니 범을 옭아매어 흉적을 베다. (초식 피해 배율 155% · 초식이 적중하면 2합 동안 출혈)
hd2d	낙화무흔수	落花無痕手	무공	이류	암기			산화(散花) — 꽃을 흩뿌리다	표향살(飄香殺) — 향기처럼 떠다니며 죽이다	화락인부지(花落人不知) — 꽃이 져도 사람은 알지 못한다	민첩 +1, 치명타율 +1	회피율 +3	정		낙화(落花)	꽃잎이 어깨에 내려앉았을 뿐인데, 사람은 이미 서 있지 못한다.	꽃을 흩뿌리다. 향기처럼 떠다니며 죽이다. 꽃이 져도 사람은 알지 못한다. (초식 피해 배율 155% · 초식이 적중하면 2합 동안 출혈)
hd2e	만점비우	萬點飛雨	무공	이류	암기			탄지(彈指) — 손가락을 튕기다	취우사(驟雨射) — 소나기처럼 쏘다	지간만점우(指間萬點雨) — 손가락 사이에서 만 점의 비가 쏟아진다	민첩 +1, 치명타율 +1	초식 발동률 +6	정		야우(夜雨)	손가락 사이에서 시작된 비는 우산으로 막을 수 없다.	손가락을 튕기다. 소나기처럼 쏘다. 손가락 사이에서 만 점의 비가 쏟아진다. (초식 피해 배율 155% · 초식이 적중하면 2합 동안 출혈)
hd3a	만천화우결	滿天花雨訣	무공	일류	암기			염식망(斂息芒) — 숨결과 빛을 숨기다	만천화우(漫天花雨) — 하늘 가득 꽃비처럼 쏟아지니	순식탈적명(瞬息奪敵命) — 눈 깜빡할 사이에 목숨을 앗다	민첩 +2, 치명타율 +1.5	치명타율 +4.5	정				숨결과 빛을 숨기다. 하늘 가득 꽃비처럼 쏟아지니 눈 깜빡할 사이에 목숨을 앗다. (초식 피해 배율 175% · 초식이 적중하면 2합 동안 출혈)
hd3b	무영귀식비	無影歸息匕	무공	일류	암기			은잔영(隱殘影) — 남은 잔영마저 지우다	인락무형(刃落無形) — 칼날이 떨어지매 형체가 없으니	복주유명간(伏誅幽冥間) — 구천의 어둠 속에서 목을 베다	민첩 +2, 치명타율 +1.5	속도 +3	정				남은 잔영마저 지우다. 칼날이 떨어지매 형체가 없으니 구천의 어둠 속에서 목을 베다. (초식 피해 배율 175% · 초식이 적중하면 2합 동안 출혈)
hd3c	천리추혼사	千里追魂絲	무공	일류	암기			견은사(牽銀絲) — 보이지 않는 은실을 당기다	한망투골(寒芒透骨) — 찬 기운이 뼈마디를 뚫고	천리단간장(千里斷奸腸) — 천 리 밖 간신의 숨통을 끊다	민첩 +2, 치명타율 +1.5	공격력 +7.5	정				보이지 않는 은실을 당기다. 찬 기운이 뼈마디를 뚫고 천 리 밖 간신의 숨통을 끊다. (초식 피해 배율 175% · 초식이 적중하면 2합 동안 출혈)
hd3d	소리단혼수	笑裏斷魂手	무공	일류	암기			함소(含笑) — 웃음을 머금다	담소살(談笑殺) — 담소하는 사이에 죽이다	소어미종혼단(笑語未終魂斷) — 웃음 섞인 말이 끝나기도 전에 혼이 끊어진다	민첩 +2, 치명타율 +1.5	치명타율 +4.5	정		미소(微笑)	다정한 말이 채 끝나기도 전에, 듣던 이의 혼이 먼저 자리를 뜬다.	웃음을 머금다. 담소하는 사이에 죽이다. 웃음 섞인 말이 끝나기도 전에 혼이 끊어진다. (초식 피해 배율 175% · 초식이 적중하면 2합 동안 출혈)
hd4a	천라만상침	天羅萬象針	무공	절정	암기			살한성(撒寒星) — 찬 별빛을 흩뿌리다	무리현천망(霧裡現千芒) — 안개 속에서 천 개의 서슬이 솟아	밀포봉건곤(密布封乾坤) — 빽빽이 퍼져 온 세상을 봉쇄하다	민첩 +2, 치명타율 +2	치명타율 +6	정				찬 별빛을 흩뿌리다. 안개 속에서 천 개의 서슬이 솟아 빽빽이 퍼져 온 세상을 봉쇄하다. (초식 피해 배율 195% · 초식이 적중하면 2합 동안 출혈)
hd4b	벽혈단혼추	碧血斷魂錐	무공	절정	암기			염벽혈(染碧血) — 푸른 핏빛을 물들이다	살기화흑풍(煞氣化黑風) — 날카로운 살기가 흑풍으로 변하니	삭명멸제흉(索命滅諸凶) — 목숨을 앗아 온갖 흉적을 멸하다	민첩 +2, 치명타율 +2	속도 +4	정				푸른 핏빛을 물들이다. 날카로운 살기가 흑풍으로 변하니 목숨을 앗아 온갖 흉적을 멸하다. (초식 피해 배율 195% · 초식이 적중하면 2합 동안 출혈)
hd4c	무형살기인	無形煞氣刃	무공	절정	암기			화무형(化無形) — 형체를 완전히 지우다	의도인선지(意到刃先至) — 생각이 미치는 곳에 칼날이 먼저 닿아	주역불류명(誅逆不留名) — 역적을 치고 이름을 남기지 않다	민첩 +2, 치명타율 +2	공격력 +10	정				형체를 완전히 지우다. 생각이 미치는 곳에 칼날이 먼저 닿아 역적을 치고 이름을 남기지 않다. (초식 피해 배율 195% · 초식이 적중하면 2합 동안 출혈)
hd5a	대진야천절영결	大秦夜天絶影訣	무공	초절정	암기			은야천(隱夜天) — 깊은 밤하늘 속에 몸을 숨기다	만성락구야(萬星落九野) — 만 개의 별빛이 들판에 떨어지니	숙청유암정황도(肅淸幽暗定皇圖) — 어둠을 쓸어내어 제왕의 대업을 지키다	민첩 +3, 치명타율 +3	치명타율 +9	정				깊은 밤하늘 속에 몸을 숨기다. 만 개의 별빛이 들판에 떨어지니 어둠을 쓸어내어 제왕의 대업을 지키다. (초식 피해 배율 215% · 초식이 적중하면 2합 동안 출혈)
hd5b	신출귀몰단명록	神出鬼沒斷命錄	무공	초절정	암기			몰귀신(沒鬼神) — 귀신조차 자취를 감추다	허공기한성(虛空起寒星) — 빈 허공에서 차가운 별이 번뜩이니	일념단혼정건곤(一念斷魂定乾坤) — 한 생각에 혼을 끊어 천하를 바로잡다	민첩 +3, 치명타율 +3	속도 +6	정				귀신조차 자취를 감추다. 빈 허공에서 차가운 별이 번뜩이니 한 생각에 혼을 끊어 천하를 바로잡다. (초식 피해 배율 215% · 초식이 적중하면 2합 동안 출혈)
hd5c	천기절명무영사	天機絶命無影絲	무공	초절정	암기			악천기(握天機) — 하늘의 은밀한 기틀을 쥐다	은사쇄음양(銀絲鎖陰陽) — 은실이 음양의 조화를 옭아매니	영과만마진복주(影過萬魔盡伏誅) — 그림자가 스치자 만마가 엎드려 멸망하다	민첩 +3, 치명타율 +3	공격력 +15	정				하늘의 은밀한 기틀을 쥐다. 은실이 음양의 조화를 옭아매니 그림자가 스치자 만마가 엎드려 멸망하다. (초식 피해 배율 215% · 초식이 적중하면 2합 동안 출혈)
sw1m	혈영검	血影劍	무공	삼류	검			혈영(血影) — 피 그림자가 번지다	음혈인(飮血刃) — 칼끝이 피를 마신다	혈영탄월(血影呑月) — 핏빛 그림자가 달을 삼키다	근력 +1, 공격력 +3	lifesteal +5	사		혈영(血影)	칼끝에 맺힌 붉은 그림자 하나 / 베인 자의 숨결을 마시고 자라니 / 달빛마저 피에 젖어 붉게 지고 / 마도의 길은 끝내 돌아오지 않네.	피 그림자가 번지다. 칼끝이 피를 마신다. 핏빛 그림자가 달을 삼키다.
bd1m	흡혈마도	吸血魔刀	무공	삼류	도			혈풍(血風) — 피바람이 일다	마도흡혼(魔刀吸魂) — 마도가 넋을 빨아들인다	혈해마도참(血海魔刀斬) — 피의 바다를 가르는 마도의 일격	근력 +1, 공격력 +3	lifesteal +6	사		혈해(血海)	칼바람 지나간 자리마다 피바람이 일고 / 쓰러진 자의 기운이 칼날로 스며드니 / 피의 바다 위에 홀로 선 그림자여 / 마도의 칼은 배부를 줄을 모르네.	피바람이 일다. 마도가 넋을 빨아들인다. 피의 바다를 가르는 마도의 일격.
fs1m	흡성마장	吸星魔掌	무공	삼류	권장			흡성(吸星) — 별의 기운을 빨아들이다	마장탈기(魔掌奪氣) — 마장이 기운을 빼앗는다	흡성탈명(吸星奪命) — 흡성의 대법으로 목숨을 거두다	근력 +1, 방어력 +2	lifesteal +5	사		흡성(吸星)	손바닥이 닿는 곳마다 별이 지고 / 남의 기운을 거두어 제 것으로 삼으니 / 마른 몸에 붉은 내력이 차오른다. / 정도의 사람들은 그 이름을 꺼리네.	별의 기운을 빨아들이다. 마장이 기운을 빼앗는다. 흡성의 대법으로 목숨을 거두다.
gy1a	초상비	草上飛	경공	삼류		grass		답초(踏草) — 풀잎을 딛다	약수과(掠水過) — 물결을 스쳐 건너고	경신월애장(輕身越矮墻) — 몸을 띄워 담장을 넘다	민첩 +1, 회피율 +0.5		정				풀잎을 딛다. 물결을 스쳐 건너고 몸을 띄워 담장을 넘다.
gy1b	연자비	燕子飛	경공	삼류		plain		연약(燕躍) — 제비처럼 솟구치다	점류초(點柳梢) — 버들가지 끝을 찍으니	질보피한봉(疾步避寒鋒) — 빠른 보법으로 칼날을 피하다	민첩 +1, 회피율 +0.5		정				제비처럼 솟구치다. 버들가지 끝을 찍으니 빠른 보법으로 칼날을 피하다.
gy1c	비첨주벽	飛簷走壁	경공	삼류		earth		반벽(攀壁) — 벽을 타고 오르다	주와릉(走瓦陵) — 기와지붕을 내달리니	차력상중루(借力上重樓) — 힘을 빌려 높은 다락에 오르다	민첩 +1, 회피율 +0.5		정				벽을 타고 오르다. 기와지붕을 내달리니 힘을 빌려 높은 다락에 오르다.
gy1d	답설보	踏雪步	경공	삼류		plain					민첩 +1, 회피율 +0.5	회피율 +1	정		백설(白雪)	밤새 눈길을 달렸으나, 아침의 눈밭은 아무것도 기억하지 못한다.	발끝에 기를 모아 체중을 덜어내는 기초 보법. 익히면 눈밭이나 모래 위에도 발자국을 거의 남기지 않는다.
gy1e	승풍행	乘風行	경공	삼류		plain					민첩 +1, 회피율 +0.5	속도 +1	정		월보(月步)	바람을 디딤돌 삼아 달빛 위를 거닌다.	바람의 결을 읽어 몸을 싣는 도약술. 담장이나 지붕 높이는 한 번에 오르며, 순풍을 받으면 특히 빠르다.
gy1f	천리보	千里步	경공	삼류		earth					민첩 +1, 회피율 +0.5	기력 소모 감소 +5	정		원행(遠行)	한 걸음 내딛고 돌아보니 고향이 천 리 밖이다.	보폭을 넓히고 호흡 소모를 줄이는 장거리 주법. 순간 속도는 평범하나 하루 종일 달려도 쉽게 지치지 않는다.
gy2a	능운보	凌雲步	경공	이류		plain		능운기(凌雲起) — 구름을 능가해 솟다	답허약보(踏虛若步) — 허공을 딛기를 걷듯 하니	순식과천심(瞬息過千尋) — 눈 깜빡할 새 천 길을 지나다	민첩 +1, 회피율 +1	회피율 +4, 기력 소모 감소 +5	정				구름을 능가해 솟다. 허공을 딛기를 걷듯 하니 눈 깜빡할 새 천 길을 지나다.
gy2b	수상표	水上漂	경공	이류		water		답랑행(踏浪行) — 물결을 딛고 달리다	낭화불천(浪花不濺) — 물방울 하나 튀지 않으니	횡도대강거(橫渡大江去) — 큰 강을 가로질러 건너가다	민첩 +1, 회피율 +1	회피율 +4, 기력 소모 감소 +5	정				물결을 딛고 달리다. 물방울 하나 튀지 않으니 큰 강을 가로질러 건너가다.
gy2c	팔괘유룡보	八卦遊龍步	경공	이류		earth		유룡전(遊龍轉) — 노니는 용처럼 몸을 돌리다	착보미종(錯步迷蹤) — 발을 엇디뎌 자취를 감추니	파위출중진(破圍出重陣) — 포위를 뚫고 적진을 벗어나다	민첩 +1, 회피율 +1	회피율 +4, 기력 소모 감소 +5	정				노니는 용처럼 몸을 돌리다. 발을 엇디뎌 자취를 감추니 포위를 뚫고 적진을 벗어나다.
gy2d	낙엽표신법	落葉飄身法	경공	이류		wood					민첩 +1, 회피율 +1	회피율 +5	정		추엽(秋葉)	지는 잎에 몸을 맡기니, 잎보다 늦게 땅에 닿는다.	힘을 흘려보내 몸을 낙엽처럼 띄우는 신법. 높은 곳에서 떨어져도 다치지 않고, 공중에서 방향을 틀어 공격을 비껴낸다.
gy2e	답수무파	踏水無波	경공	이류		water					민첩 +1, 회피율 +1	회피율 +3, 속도 +2	정		정호(靜湖)	호수를 건넜으나 잠든 물고기 하나 깨우지 않았다.	수면을 딛고 달리는 경공. 대성하면 물결 하나 일으키지 않고 강과 호수를 건넌다.
gy3a	등평도수	登萍度水	경공	일류		water		점부평(點浮萍) — 개구리밥을 가볍게 디디다	승풍파랑(乘風破浪) — 바람을 타고 파도를 헤치니	만리불류흔(萬里不留痕) — 만 리 길에 흔적을 남기지 않다	민첩 +2, 회피율 +1.5	회피율 +6, 기력 소모 감소 +7.5	정				개구리밥을 가볍게 디디다. 바람을 타고 파도를 헤치니 만 리 길에 흔적을 남기지 않다.
gy3b	미종보	迷蹤步	경공	일류		grass		화잔영(化殘影) — 찰나의 잔영으로 흩어지다	보보생련(步步生蓮) — 걸음마다 연꽃이 피어오르고	피살입무간(避煞入無間) — 살기를 피해 허공 속으로 들다	민첩 +2, 회피율 +1.5	회피율 +6, 기력 소모 감소 +7.5	정				찰나의 잔영으로 흩어지다. 걸음마다 연꽃이 피어오르고 살기를 피해 허공 속으로 들다.
gy3c	천리독행	千里獨行	경공	일류		earth		독보행(獨步行) — 홀로 아득한 길을 걷다	일행천리(日行千里) — 하루에 천 리를 내달리니	종횡월중만(縱橫越重巒) — 겹겹의 봉우리를 종횡으로 넘다	민첩 +2, 회피율 +1.5	회피율 +6, 기력 소모 감소 +7.5	정				홀로 아득한 길을 걷다. 하루에 천 리를 내달리니 겹겹의 봉우리를 종횡으로 넘다.
gy3d	이형유영신법	移形留影身法	경공	일류		earth					민첩 +2, 회피율 +1.5	회피율 +8, 속도 +3	정		잔영(殘影)	그림자가 주인을 잃은 줄도 모르고 한참을 그 자리에 서 있다.	몸이 떠난 자리에 잔영을 남기는 신법. 상대가 잔영을 벨 때 본체는 이미 등 뒤에 서 있거나 백 장 밖에 있다.
gy4a	어풍비행	禦風飛行	경공	절정		plain		어장풍(禦長風) — 거대한 큰 바람을 거느리다	능공화청붕(凌空化青鵬) — 허공을 박차 푸른 대붕이 되니	순식월구주(瞬息越九州) — 숨 한 번에 구주 천하를 넘어서다	민첩 +2, 회피율 +2	회피율 +8, 기력 소모 감소 +10	정				거대한 큰 바람을 거느리다. 허공을 박차 푸른 대붕이 되니 숨 한 번에 구주 천하를 넘어서다.
gy4b	환영신보	幻影神步	경공	절정		wood		산환영(散幻影) — 허깨비 그림자를 흩뿌리다	구신미적안(九身迷敵眼) — 아홉 개의 분신이 적의 눈을 어지럽혀	답월락무흔(踏月落無痕) — 달빛을 딛고 내려 흔적이 없도다	민첩 +2, 회피율 +2	회피율 +8, 기력 소모 감소 +10	정				허깨비 그림자를 흩뿌리다. 아홉 개의 분신이 적의 눈을 어지럽혀 달빛을 딛고 내려 흔적이 없도다.
gy4c	답허무흔	踏虛無痕	경공	절정		grass		답허공(踏虛空) — 텅 빈 허공을 발판 삼다	신여천지화(身與天地化) — 몸이 하늘과 땅의 기운과 동화되니	천림엽불요(穿林葉不搖) — 숲을 꿰뚫어도 나뭇잎조차 안 흔들리다	민첩 +2, 회피율 +2	회피율 +8, 기력 소모 감소 +10	정				텅 빈 허공을 발판 삼다. 몸이 하늘과 땅의 기운과 동화되니 숲을 꿰뚫어도 나뭇잎조차 안 흔들리다.
gy5a	대진만리운룡보	大秦萬里雲龍步	경공	초절정		plain		과운룡(跨雲龍) — 구름 속 신룡의 등허리에 올라타다	축지납산하(縮地納山河) — 땅을 접어 거대한 산하를 품어 안고	종횡사해위황방(縱橫四海衛皇邦) — 사해를 종횡하여 제국을 수호하다	민첩 +3, 회피율 +3	회피율 +12, 기력 소모 감소 +15	정				구름 속 신룡의 등허리에 올라타다. 땅을 접어 거대한 산하를 품어 안고 사해를 종횡하여 제국을 수호하다.
gy5b	태허일기답무극	太虛一氣踏無極	경공	초절정		water		보태허(步太虛) — 아득한 태허의 경지를 거닐다	일념파창궁(一念破蒼穹) — 한 생각으로 푸른 하늘을 꿰뚫으니	과월음양정팔황(跨越陰陽定八荒) — 음양의 굴레를 넘어 팔방을 평정하다	민첩 +3, 회피율 +3	회피율 +12, 기력 소모 감소 +15	정				아득한 태허의 경지를 거닐다. 한 생각으로 푸른 하늘을 꿰뚫으니 음양의 굴레를 넘어 팔방을 평정하다.
gy5c	천상유운유광보	天上流雲流光步	경공	초절정		wood		추류광(追流光) — 번쩍이는 빛의 줄기를 뒤쫓다	허주도고해(虛舟度苦海) — 텅 빈 조각배로 고해를 건너뛰니	승풍래거임천유(乘風來去任天遊) — 바람 타고 오가며 하늘 아래 노닐다	민첩 +3, 회피율 +3	회피율 +12, 기력 소모 감소 +15	정				번쩍이는 빛의 줄기를 뒤쫓다. 텅 빈 조각배로 고해를 건너뛰니 바람 타고 오가며 하늘 아래 노닐다.
gi1a	철포삼	鐵布衫	기공	삼류			금	긴기(緊氣) — 기운을 바짝 죄다	응피육(凝皮肉) — 살갗을 단단히 굳히니	탄시락한봉(彈矢落寒鋒) — 화살을 튕겨내고 칼날을 떨구다	지력 +1, 오행 위력 +3		정				기운을 바짝 죄다. 살갗을 단단히 굳히니 화살을 튕겨내고 칼날을 떨구다.
gi1b	석피공	石皮功	기공	삼류			토	견체(堅體) — 몸을 굳게 세우다	납지기(納地氣) — 땅의 단단한 기운을 받아	신여반석립(身如磐石立) — 몸이 거대한 반석처럼 서다	지력 +1, 오행 위력 +3		정				몸을 굳게 세우다. 땅의 단단한 기운을 받아 몸이 거대한 반석처럼 서다.
gi1c	배원공	培元功	기공	삼류			목	축원(蓄元) — 근원의 원기를 모으다	호심맥(護心脈) — 심장의 경맥을 지키고	기고어외사(氣固禦外邪) — 기운을 굳혀 바깥 사기를 막다	지력 +1, 오행 위력 +3		정				근원의 원기를 모으다. 심장의 경맥을 지키고 기운을 굳혀 바깥 사기를 막다.
gi1d	장홍공	長虹功	기공	삼류			화				지력 +1, 오행 위력 +3	공격력 +2	정		홍기(虹氣)	배 속에서 일어난 기운이 무지개가 되어 하늘에 걸린다.	단전의 기를 한 줄기로 곧게 뽑아 올리는 기초 기공. 주먹과 병기에 힘이 실리지만 오래 유지하기는 어렵다.
gi1e	장해공	藏海功	기공	삼류			수				지력 +1, 오행 위력 +3	최대 내력 +10	정		심해(深海)	배꼽 아래 세 치, 그곳에 바다 하나가 잠들어 있다.	기를 쌓아 두는 데 치중한 축기공. 위력은 평범하지만 내력의 바닥이 깊어져 장기전에 강하다.
gi1f	탄천공	吞天功	기공	삼류			토				지력 +1, 오행 위력 +3	내력 회복률 +3	정		대식(大息)	한 번 들이쉰 숨에 하늘이 한 뼘 낮아진다.	한 번의 호흡으로 많은 기를 들이는 호흡법. 내력 회복이 빠르지만, 거칠게 들이는 탓에 기가 탁해지기 쉽다.
gi2a	금종조	金鐘罩	기공	이류			금	명금종(鳴金鐘) — 금빛 종을 울리다	기취성조(氣聚成罩) — 기운이 모여 종 모양 덮개가 되니	도창불능상(刀槍不能傷) — 도검과 창날도 능히 상하지 못하다	지력 +1, 오행 위력 +4	오행 위력 +5, 방어력 +4	정				금빛 종을 울리다. 기운이 모여 종 모양 덮개가 되니 도검과 창날도 능히 상하지 못하다.
gi2b	혼원호체기	混元護體氣	기공	이류			토	전혼원(轉混元) — 혼원의 기운을 회전시키다	강풍호체(罡風護體) — 억센 강풍이 몸을 감싸고	진퇴시방적(震退十方敵) — 사방에서 몰려드는 적을 튕겨내다	지력 +1, 오행 위력 +4	오행 위력 +5, 방어력 +4	정				혼원의 기운을 회전시키다. 억센 강풍이 몸을 감싸고 사방에서 몰려드는 적을 튕겨내다.
gi2c	한빙진기	寒氷眞氣	기공	이류			수	응한상(凝寒霜) — 차가운 서리를 맺다	동혈봉맥(凍血封脈) — 핏줄을 얼려 경맥을 막으니	기발응성빙(氣發凝成氷) — 기운을 뿜어 단단한 얼음을 엮다	지력 +1, 오행 위력 +4	오행 위력 +5, 방어력 +4	정				차가운 서리를 맺다. 핏줄을 얼려 경맥을 막으니 기운을 뿜어 단단한 얼음을 엮다.
gi2d	백맥주천공	百脈周天功	기공	이류			수				지력 +1, 오행 위력 +4	오행 위력 +5, 내력 회복률 +3	정		천류(川流)	백 갈래 물길로 달리던 진기가 마침내 하나의 큰 강이 된다.	진기를 온몸의 혈맥으로 돌려 주천을 이루는 기공. 막힌 맥을 뚫고 내상을 스스로 다스리며, 내력 운용에 막힘이 없어진다.
gi2e	풍운토납공	風雲吐納功	기공	이류			목				지력 +1, 오행 위력 +4	오행 위력 +5, 공격력 +3	정		토운(吐雲)	내쉬면 구름이 밀려가고, 들이쉬면 바람이 몰려온다.	탁기를 뱉고 천지의 맑은 기를 들이는 토납법. 수련이 깊어지면 호흡에 따라 주변 기류가 움직이고, 내뱉는 숨만으로 상대를 밀어낸다.
gi3a	자하호체강기	紫霞護體罡氣	기공	일류			화	피자하(披紫霞) — 자줏빛 노을 기운을 두르다	강기관체(罡氣貫體) — 호신강기가 전신을 꿰뚫고	백보쇄거암(百步碎巨巖) — 백 보 밖의 큰 바위를 부수다	지력 +2, 오행 위력 +6	오행 위력 +7.5, 방어력 +6	정				자줏빛 노을 기운을 두르다. 호신강기가 전신을 꿰뚫고 백 보 밖의 큰 바위를 부수다.
gi3b	현명기공	玄冥氣功	기공	일류			수	납현명(納玄冥) — 북녘 아득한 음기를 들이마시다	음양화극(陰陽化極) — 음과 양의 극단을 다스려	기진만마최(氣震萬魔摧) — 기운을 떨어뜨려 만마를 꺾다	지력 +2, 오행 위력 +6	오행 위력 +7.5, 방어력 +6	정				북녘 아득한 음기를 들이마시다. 음과 양의 극단을 다스려 기운을 떨어뜨려 만마를 꺾다.
gi3c	천강기벽	天罡氣壁	기공	일류			금	축기벽(築氣壁) — 기운의 장벽을 쌓다	천강불괴(天罡不壞) — 북두의 기운이라 무너지지 않으니	조단천중랑(阻斷千重浪) — 겹겹의 거친 파도를 막아내다	지력 +2, 오행 위력 +6	오행 위력 +7.5, 방어력 +6	정				기운의 장벽을 쌓다. 북두의 기운이라 무너지지 않으니 겹겹의 거친 파도를 막아내다.
gi3d	건곤일기신공	乾坤一氣神功	기공	일류			토				지력 +2, 오행 위력 +6	오행 위력 +7.5, 내력 회복률 +6	정		태허(太虛)	숨 한 번 사이에 하늘이 열리고 땅이 닫힌다.	몸 안의 기와 천지의 기를 하나로 잇는 신공. 호흡이 곧 운공이 되어 내력이 마르지 않으며, 대성하면 선도(仙道)의 문턱에 닿는다.
gi4a	무형호신강기	無形護身罡氣	기공	절정			금	은강기(隱罡氣) — 강기의 형체를 감추다	기화삼장갑(氣化三丈甲) — 기운이 세 장 둘레의 갑옷이 되니	소용만인첨(銷鎔萬刃尖) — 쏟아지는 만 자루 칼날끝을 녹여내다	지력 +2, 오행 위력 +8	오행 위력 +10, 방어력 +8	정				강기의 형체를 감추다. 기운이 세 장 둘레의 갑옷이 되니 쏟아지는 만 자루 칼날끝을 녹여내다.
gi4b	순양신공	純陽神功	기공	절정			화	포순양(抱純陽) — 순수한 태양의 양기를 품다	화치분탁음(火熾焚濁陰) — 맹렬한 불길로 탁한 음기를 태우고	건양진팔황(乾陽震八荒) — 하늘의 양기로 온 세상을 뒤흔들다	지력 +2, 오행 위력 +8	오행 위력 +10, 방어력 +8	정				순수한 태양의 양기를 품다. 맹렬한 불길로 탁한 음기를 태우고 하늘의 양기로 온 세상을 뒤흔들다.
gi4c	구룡토식공	九龍吐息功	기공	절정			목	토룡식(吐龍息) — 용의 거친 숨결을 뿜다	강풍렬허공(罡風裂虛空) — 억센 강풍으로 허공을 찢으니	기횡단만인(氣橫斷萬仞) — 뿜어낸 기운으로 만 길 산맥을 베다	지력 +2, 오행 위력 +8	오행 위력 +10, 방어력 +8	정				용의 거친 숨결을 뿜다. 억센 강풍으로 허공을 찢으니 뿜어낸 기운으로 만 길 산맥을 베다.
gi5a	대진제황천강기	大秦帝皇天罡氣	기공	초절정			토	취천강(聚天綱) — 제왕의 황금빛 법도를 모으다	황강호산하(皇罡護山河) — 제왕의 강기가 온 산하를 감싸니	만상귀일정건곤(萬象歸一正乾坤) — 만상을 하나로 모아 천지를 바로세우다	지력 +3, 오행 위력 +12	오행 위력 +15, 방어력 +12	정				제왕의 황금빛 법도를 모으다. 제왕의 강기가 온 산하를 감싸니 만상을 하나로 모아 천지를 바로세우다.
gi5b	무극혼원일체신공	無極混元一體神功	기공	초절정			수	융혼원(融混元) — 만물의 혼원 기운을 융합하다	음양합태허(陰陽合太虛) — 음양이 융화되어 태허에 드니	기화천라진백신(氣化天羅鎮百神) — 기운이 하늘 그물이 되어 온 신령을 누르다	지력 +3, 오행 위력 +12	오행 위력 +15, 방어력 +12	정				만물의 혼원 기운을 융합하다. 음양이 융화되어 태허에 드니 기운이 하늘 그물이 되어 온 신령을 누르다.
gi5c	천벌신뢰파겁강	天罰神雷破劫罡	기공	초절정			화	강신뢰(降神雷) — 하늘의 신벌 벼락을 내리다	강살파만겁(罡煞破萬劫) — 맹렬한 강기가 만 번의 겁난을 깨부수고	진멸군요정태평(震滅群妖定太平) — 요사한 무리를 멸하여 태평을 정하다	지력 +3, 오행 위력 +12	오행 위력 +15, 방어력 +12	정				하늘의 신벌 벼락을 내리다. 맹렬한 강기가 만 번의 겁난을 깨부수고 요사한 무리를 멸하여 태평을 정하다.
sm1a	토납법	吐納法	심법	삼류				도인(導引) — 숨결을 고르게 이끌다	조음양(調陰陽) — 음과 양을 조율하니	기침입단전(氣沉入丹田) — 맑은 기운을 단전에 가라앉히다	최대 내력 +15, 내력 회복률 +2		정				숨결을 고르게 이끌다. 음과 양을 조율하니 맑은 기운을 단전에 가라앉히다.
sm1b	정심결	靜心訣	심법	삼류				응신(凝神) — 흩어진 정신을 하나로 모으다	거심마(祛心魔) — 마음의 마구니를 털어내고	심정수무파(心靜水無波) — 마음이 고요해 물결조차 일지 않다	최대 내력 +15, 내력 회복률 +2		정				흩어진 정신을 하나로 모으다. 마음의 마구니를 털어내고 마음이 고요해 물결조차 일지 않다.
sm1c	양생술	養生術	심법	삼류				폐목(閉目) — 두 눈을 감고 잡념을 끊다	윤백맥(潤百脈) — 온 경맥을 촉촉이 적시니	내식생불식(內息生不息) — 내면의 호흡이 쉬지 않고 생겨나다	최대 내력 +15, 내력 회복률 +2		정				두 눈을 감고 잡념을 끊다. 온 경맥을 촉촉이 적시니 내면의 호흡이 쉬지 않고 생겨나다.
sm1d	명경결	明鏡訣	심법	삼류							최대 내력 +15, 내력 회복률 +2	방어력 +2	정		경심(鏡心)	닦고 또 닦은 마음에 적의 다음 수가 먼저 비친다.	잡념을 닦아 마음을 맑히는 기초 심법. 놀람과 분노에 흔들리지 않고 상대의 움직임을 또렷이 본다.
sm1e	귀일결	歸一訣	심법	삼류							최대 내력 +15, 내력 회복률 +2	공격력 +3	정		귀원(歸元)	만 갈래로 흩어진 생각이 한 점으로 돌아와 고요해진다.	흩어진 생각을 한곳으로 모으는 집중 심법. 한 가지 무공을 펼칠 때 위력이 오르지만, 여러 일에 주의를 나누기는 어렵다.
sm1f	무아결	無我訣	심법	삼류							최대 내력 +15, 내력 회복률 +2	회피율 +2	정		공심(空心)	나를 내려놓으니, 맞설 적도 벨 것도 남지 않는다.	승부욕과 두려움을 내려놓는 심법. 살기가 겉으로 드러나지 않아 상대에게 기척과 의도를 읽히지 않는다.
sm2a	귀원공	歸元功	심법	이류				소만류(溯萬流) — 만 갈래 물줄기를 거슬러 오르다	백혈구개(百穴俱開) — 온몸의 혈도가 함께 열리고	만기진귀원(萬氣盡歸元) — 모든 기운이 단전 근원으로 돌아가다	최대 내력 +25	최대 내력 +50, 내력 회복률 +5	정				만 갈래 물줄기를 거슬러 오르다. 온몸의 혈도가 함께 열리고 모든 기운이 단전 근원으로 돌아가다.
sm2b	청심보원결	淸心培元訣	심법	이류				척잡념(滌雜念) — 더러운 잡념을 깨끗이 씻다	영대명철(靈臺明徹) — 마음의 대가 밝고 맑아지니	감로윤단전(甘露潤丹田) — 감로수가 단전을 촉촉이 적시다	최대 내력 +25	최대 내력 +50, 내력 회복률 +5	정				더러운 잡념을 깨끗이 씻다. 마음의 대가 밝고 맑아지니 감로수가 단전을 촉촉이 적시다.
sm2c	혼원내공	混元內功	심법	이류				납천지(納天地) — 하늘과 땅의 호흡을 들이마시다	기운주천(氣運周天) — 기운이 주천을 한 바퀴 도니	진원생불갈(眞元生不竭) — 참된 원기가 마르지 않고 솟아나다	최대 내력 +25	최대 내력 +50, 내력 회복률 +5	정				하늘과 땅의 호흡을 들이마시다. 기운이 주천을 한 바퀴 도니 참된 원기가 마르지 않고 솟아나다.
sm2d	정심만법결	靜心萬法訣	심법	이류							최대 내력 +25	최대 내력 +40, 내력 회복률 +7	정		정관(靜觀)	마음이 멎은 자리에서 만 가지 법이 스스로 피어난다.	깊은 고요에 들어 깨달음을 구하는 심법. 운공 중에 무공의 이치를 깨치기 쉬워, 함께 익히는 다른 무공의 성취가 빨라진다.
sm2e	수일파마결	守一破魔訣	심법	이류							최대 내력 +25	최대 내력 +40, 방어력 +5	정		항마(降魔)	천 가지 마가 속삭여도, 지키는 하나가 흔들리지 않는다.	하나의 중심을 지켜 심마를 물리치는 심법. 주화입마를 막아 주고, 미혼술이나 환술 같은 정신 공격에 강하다.
sm3a	자하진경	紫霞眞經	심법	일류				영조희(迎朝曦) — 아침 햇살의 첫 기운을 맞이하다	자기동래(紫氣東來) — 자줏빛 기운이 동쪽에서 오니	기통임독맥(氣通任督脈) — 기운이 임맥과 독맥을 꿰뚫다	최대 내력 +38	최대 내력 +75, 내력 회복률 +7.5	정				아침 햇살의 첫 기운을 맞이하다. 자줏빛 기운이 동쪽에서 오니 기운이 임맥과 독맥을 꿰뚫다.
sm3b	구양신결	九陽神訣	심법	일류				점양화(點陽火) — 순수한 양기의 불씨를 지피다	열화분음(烈火焚陰) — 맹렬한 불길로 음기를 태우고	내력호여해(內力浩如海) — 깊은 내력이 바다처럼 넓어지다	최대 내력 +38	최대 내력 +75, 내력 회복률 +7.5	정				순수한 양기의 불씨를 지피다. 맹렬한 불길로 음기를 태우고 깊은 내력이 바다처럼 넓어지다.
sm3c	세수경	洗髓經	심법	일류				세골수(洗骨髓) — 뼛속의 골수를 깨끗이 씻어내다	탈태환골(脫胎換骨) — 허물을 벗고 뼈를 새로 바꾸니	체약류리광(體若琉璃光) — 몸이 맑은 유리빛처럼 빛나다	최대 내력 +38	최대 내력 +75, 내력 회복률 +7.5	정				뼛속의 골수를 깨끗이 씻어내다. 허물을 벗고 뼈를 새로 바꾸니 몸이 맑은 유리빛처럼 빛나다.
sm3d	심외무경심법	心外無經心法	심법	일류							최대 내력 +38	최대 내력 +70, 내력 회복률 +7.5, 공격력 +5	정		무자(無字)	만 권의 경전을 덮고서야, 마음에 적힌 한 줄이 읽힌다.	문자와 경전에 기대지 않고 제 마음에서 도를 구하는 심법. 정해진 구결이 없어 익히는 이마다 모습이 다르고, 깨달음의 깊이만큼 어떤 무공과도 어울린다.
sm4a	명경지도	明鏡之道	심법	절정				마명경(磨明鏡) — 맑은 거울을 티 없이 닦아내다	물아량상망(物我兩相忘) — 사물과 나의 구분을 잊어버리니	기통대천계(氣通大千界) — 기운이 온 대천세계와 통하도다	최대 내력 +50	최대 내력 +100, 내력 회복률 +10	정				맑은 거울을 티 없이 닦아내다. 사물과 나의 구분을 잊어버리니 기운이 온 대천세계와 통하도다.
sm4b	태식진경	胎息眞經	심법	절정				귀태식(歸胎息) — 어머니 품속의 첫 호흡으로 돌아가다	불식지진식(不息之真息) — 쉬지 않는 것이 참된 호흡이니	수여천지제(壽與天地齊) — 수명이 하늘과 땅과 어깨를 나란히 하다	최대 내력 +50	최대 내력 +100, 내력 회복률 +10	정				어머니 품속의 첫 호흡으로 돌아가다. 쉬지 않는 것이 참된 호흡이니 수명이 하늘과 땅과 어깨를 나란히 하다.
sm4c	무상마하심법	無相摩訶心法	심법	절정				파제상(破諸相) — 세상의 온갖 허상을 깨부수다	광대약허공(廣大若虛空) — 넓고 큼이 텅 빈 허공과 같으니	내력주불식(內力注不息) — 끝없는 내력이 쉼 없이 차오르다	최대 내력 +50	최대 내력 +100, 내력 회복률 +10	정				세상의 온갖 허상을 깨부수다. 넓고 큼이 텅 빈 허공과 같으니 끝없는 내력이 쉼 없이 차오르다.
sm5a	대진제황천심록	大秦帝皇天心錄	심법	초절정				통천심(統天心) — 하늘의 마음을 한 몸에 통솔하다	호기색량의(浩氣塞兩儀) — 호연지기가 하늘과 땅을 가득 채우고	수공평만방만세성(垂拱平萬邦萬世盛) — 옷자락을 드리워 만방을 평안케 하다	최대 내력 +75	최대 내력 +150, 내력 회복률 +15	정				하늘의 마음을 한 몸에 통솔하다. 호연지기가 하늘과 땅을 가득 채우고 옷자락을 드리워 만방을 평안케 하다.
sm5b	태상감응무극진경	太上感應無極眞經	심법	초절정				감태허(感太虛) — 아득한 태허의 섭리에 감응하다	일념동건곤(一念動乾坤) — 한 생각으로 하늘과 땅을 움직이니	신화만물동천수(身化萬物同天壽) — 몸이 만물과 동화되어 하늘과 영원하다	최대 내력 +75	최대 내력 +150, 내력 회복률 +15	정				아득한 태허의 섭리에 감응하다. 한 생각으로 하늘과 땅을 움직이니 몸이 만물과 동화되어 하늘과 영원하다.
sm5c	보리천화원통결	菩提天花圓通訣	심법	초절정				개천화(開天花) — 마음속에 신성한 하늘꽃을 피우다	만법개귀공(萬法皆歸空) — 온 세상 만법이 모두 공으로 돌아가니	원만무애조고금(圓滿無礙照古今) — 걸림 없는 원만함으로 옛과 오늘을 비추다	최대 내력 +75	최대 내력 +150, 내력 회복률 +15	정				마음속에 신성한 하늘꽃을 피우다. 온 세상 만법이 모두 공으로 돌아가니 걸림 없는 원만함으로 옛과 오늘을 비추다.
